<?xml version="1.0" encoding="UTF-8"?>
<addon id="plugin.video.fargonews"
version="1.0.3"
name="Fargo News"
provider-name="GOAT">
<requires>
  <import addon="xbmc.python" version="3.0.0"/>
  <import addon="script.module.beautifulsoup4" />
  <import addon="script.module.requests" />
  <import addon="script.module.simplejson" />
</requires>
<extension point="xbmc.python.pluginsource" library="main.py">
  <provides>video</provides>
</extension>
<extension point="xbmc.addon.metadata">
  <summary lang="en">Fargo news and information</summary>
  <description lang="en">Fargo news and information.</description>
  <assets>
    <icon>icon.jpg</icon>
    <fanart>fanart.jpg</fanart>  
  </assets>
  <news></news>
</extension>
</addon>
