<?xml version="1.0" encoding="UTF-8" standalone="yes"?>
<addon id="repository.kodiapp505" name="kodiapp505 repository" version="1.0" provider-name="GOAT">
    <extension point="xbmc.addon.repository" name="kodiapp505 repository">
        <info compressed="false">https://raw.githubusercontent.com/kodiapp505/kodiapp505.github.io/master/addons.xml</info>
        <checksum>https://raw.githubusercontent.com/kodiapp505/kodiapp505.github.io/master/addons.xml.md5</checksum>
        <datadir zip="true">https://raw.githubusercontent.com/kodiapp505/kodiapp505.github.io/master/_zips</datadir>
        <hashes>false</hashes>
    </extension>
    <extension point="xbmc.addon.metadata">
        <summary>kodiapp505 repository</summary>
        <description>This repository contains all the kodi apps you care about!</description>
        <platform>all</platform>
    </extension>
</addon>
