<?xml version="1.0" encoding="UTF-8" standalone="yes"?>
<addon id="repository.kodiapp505" name="kodiapp505 repository" version="1.2" provider-name="GOAT">
    <extension point="xbmc.addon.repository" name="kodiapp505 repository">
        <dir>
            <info compressed="false">https://raw.githubusercontent.com/kodiapp505/kodiapp505.github.io/main/addons.xml</info>
            <checksum>https://raw.githubusercontent.com/kodiapp505/kodiapp505.github.io/main/addons.xml.md5</checksum>
            <datadir zip="true">https://raw.githubusercontent.com/kodiapp505/kodiapp505.github.io/main/_zips</datadir>
            <hashes>false</hashes>
        </dir>
    </extension>
    <extension point="xbmc.addon.metadata">
        <summary>kodiapp505 repository</summary>
        <description>This repository contains all the kodi apps you care about!</description>
        <platform>all</platform>
    </extension>
</addon>
